600000,kC,Dys
10000,kC,Dysk
650000,kC,Dys
30000,kC,Dys΋
620000,kC,DysL
50000,kC,Dys
630000,kC,Dys
40000,kC,Dysʋ
60000,kC,Dys
40000,kC,Dysc
400000,kC,َs
470000,kC,Ms
700000,kC,s
500000,kC,s
850000,kC,Hs
800000,kC,эLs
900000,kC,ks
680400,kC,[s
680000,kC,〈s
930000,kC,ԑs
770000,kC,Gs
530000,kC,Ϗqs
970000,kC,ts
720000,kC,Ss
750000,kC,ʎs
670000,kC,]ʎs
791100,kC,ԕs
940000,kC,ʎs
950000,kC,mʎs
960000,kC,s
682100,kC,O}s
870000,kC,s
660000,kC,Ύs
730000,kC,s
730100,kC,s
730400,kC,̎us
740000,kC,[s
760000,kC,xǖs
590000,kC,oʎs
611400,kC,bs
520000,kC,ɒBs
611100,kC,kLs
613200,kC,Ύs
490100,kC,kls
610200,kC,ΎSʒ
681100,kC,ΎSVÑ
491500,kC,OSO
491300,kC,OS
491100,kC,Sm
490400,kC,S،Ó
411100,kC,TcSђ
411400,kC,S
492300,kC,SX
493100,kC,CS_
493500,kC,RzS
430000,kC,wRS]
490600,kC,wRSm
431100,kC,wRS򕔒
430100,kC,uS
431400,kC,KSK
494300,kC,IS
494500,kC,vSȒ
480600,kC,qSq
480400,kC,sSs
480100,kC,sS
481300,kC,JSz
481500,kC,cSjZR
481600,kC,cS^둺
481700,kC,cSs
440200,kC,cSΕʒ
440100,kC,cSɒ
440000,kC,cSm
482200,kC,Sa
450000,kC,S
450200,kC,ÉFS
450300,kC,ÉFS_b
460200,kC,ϒOSϒO
460100,kC,ÕSÕ
482400,kC,]sSmؒ
460000,kC,]sS]s
460500,kC,]sSԈ쑺
690200,kC,mSy
790300,kC,mSވ]
730200,kC,mS㍻쒬
691200,kC,[SRm
691300,kC,[S
691500,kC,[SIR
610500,kC,ˌS`
610600,kC,ˌSYP
731100,kC,ˌSV\Ð쒬
790500,kC,JSw
782100,kC,JSʒ
782600,kC,JSJ
782500,kC,JSk
782200,kC,JSc
711200,kC,S鐲
711500,kC,S_y
781300,kC,S
780300,kC,Sz
781400,kC,Sʒ
781700,kC,S쒬
711400,kC,S쒬
710200,kC,Sl
710500,kC,mSxǖ쒬
710700,kC,mSxǖ쒬
792400,kC,mSxǖ쒬
792200,kC,ES芥
980100,kC,Sa
980300,kC,S
981200,kC,S쒬
982200,kC,S[
982500,kC,SЎq{
982800,kC,S쒬
740400,kC,JSy
770200,kC,ьSђ
783300,kC,GS
783700,kC,ϑOSϑO
784100,kC,ϑOSHy
784400,kC,ϑOSRʑ
983500,kC,VSʒ
983300,kC,VSV
986200,kC,@JS
985700,kC,}KSlڕʒ
985500,kC,}KSڕʒ
985800,kC,}KS}K
984100,kC,VSLx
971200,kC,當S當
970400,kC,KSK
970100,kC,KSKxm
983200,kC,VSy
920000,kC,ԑSy
920200,kC,ԑSÕʒ
994100,kC,ΗSΗ
994400,kC,ΗS
993600,kC,ΗS
991400,kC,CSPq{
991100,kC,CSu˒
930500,kC,CSCԒ
990400,kC,ʌSy
996400,kC,ʌSNʒ
995600,kC,ʌS㒬
981600,kC,ʌS
981500,kC,ʌS
981700,kC,ʌSY
992300,kC,ԑS
495400,kC,cSLY
520100,kC,LSs˒
590900,kC,VSV
591600,kC,ES^
495600,kC,cSΒ
591500,kC,ES
540000,kC,ESނ풬
550000,kC,S
550100,kC,S撬
592400,kC,VSV
570000,kC,Y͌SY͒
580000,kC,lSl
580200,kC,yS
560000,kC,SVЂ
800100,kC,͓SX
801200,kC,͓Smy
801400,kC,͓Smy
810200,kC,͓Sǒ
810000,kC,SV
890100,kC,S
820000,kC,͐S莺
891300,kC,͐SD
891500,kC,͐SXʑ
892100,kC,LS
892600,kC,LSL
890600,kC,Sʒ
830000,kC,Src
895300,kC,SL
893300,kC,S{ʒ
893700,kC,S
894300,kC,Sʒ
895600,kC,\SYy
880600,kC,HSH
881100,kC,݌Sݒ
881500,kC,݌Sl
882300,kC,SW
883200,kC,Sq
851200,kC,Sߋ
880300,kC,fSf
860200,kC,tSʊC
861100,kC,WÌSWÒ
861600,kC,WÌSWÒ
861800,kC,ڗSP
380000,X,Xs
360000,X,OOs
310000,X,ˎs
360300,X,Ύs
370000,X,܏쌴s
340000,X,\acs
330000,X,Os
350000,X,ނs
383100,X,s
360100,X,s
393300,X,ÌyS
301500,X,ÌySʒ
301200,X,ÌySHc
301400,X,ÌySOl
382700,X,ÌyS˃
382300,X,ÌyS[Y
361400,X,ÌySډ
383800,X,ÌyS蒬
380200,X,ÌySk
381100,X,ÌyScɊّ
383600,X,kÌyS
383500,X,kÌySߓc
370300,X,kÌyS
393100,X,kSӒn
392500,X,kS˒
392300,X,kSZ˒
394100,X,kSl
392600,X,kSk
393200,X,kSZ
392200,X,kS点
394600,X,kSԒ
350000,X,kSʑ
394500,X,kSԉY
394700,X,kS䑺
390100,X,OˌSO˒
391500,X,OˌS܌˒
390200,X,OˌScq
390100,X,OˌS암
391200,X,OˌSK㒬
391800,X,OˌSV
200000,茧,s
270000,茧,{Îs
220000,茧,Dns
250000,茧,Ԋs
240000,茧,ks
280000,茧,vs
280500,茧,s
210000,茧,֎s
292200,茧,Ocs
260000,茧,Ύs
286100,茧,ˎs
287100,茧,s
230000,茧,Bs
200600,茧,s
200500,茧,SΒ
285400,茧,S
284300,茧,S蒬
283300,茧,gSg
283600,茧,gSВ
295500,茧,aSa꒬
294500,茧,_SP蒬
294100,茧,ֈS
292300,茧,CSZc
281100,茧,ɌSƒ
281300,茧,ɌSRc
270500,茧,ɌS
288400,茧,ɌSc씨
288300,茧,ɌS㑺
286300,茧,ˌSyĒ
288200,茧,ˌSc
286500,茧,ˌSˑ
287900,茧,ˌSm쒬
285300,茧,ˌS˒
9800000,{錧,st
9830000,{錧,s{
9840000,{錧,sы
9820000,{錧,s
9813100,{錧,s
9860000,{錧,Ίs
9850000,{錧,}s
9880000,{錧,Cs
9890200,{錧,Ύs
9811200,{錧,s
9811500,{錧,pcs
9850000,{錧,s
9892400,{錧,s
9870500,{錧,oĎs
9872200,{錧,Is
9810500,{錧,s
9896100,{錧,s
9813300,{錧,xJs
9890800,{錧,cS
9890500,{錧,cSh
9891200,{錧,ēcS͌
9891300,{錧,ēcSc
9891600,{錧,ēcSēc
9891500,{錧,ēcS蒬
9812100,{錧,ɋSېX
9892300,{錧,jSj
9892200,{錧,jSR
9810200,{錧,{S
9850000,{錧,{Sl
9810100,{錧,{S{
9813600,{錧,Sa
9813500,{錧,S勽
9813600,{錧,St
9814100,{錧,SF
9814200,{錧,S
9870100,{錧,cSOJ
9870000,{錧,cS
9862200,{錧,S쒬
9860700,{錧,{gSO
100000,Hc,Hcs
160000,Hc,\s
130000,Hc,s
170000,Hc,َs
100500,Hc,js
120000,Hc,s
185200,Hc,ps
150000,Hc,R{s
181400,Hc,s
140000,Hc,s
183300,Hc,kHcs
180400,Hc,ɂَs
140300,Hc,ks
170200,Hc,pS⒬
184400,Hc,kHcS㏬m
183200,Hc,R{S
182400,Hc,R{SO풬
182500,Hc,R{S
181700,Hc,HcS܏ڒ
181600,Hc,HcSY
181500,Hc,HcS쒬
100400,Hc,HcS劃
191400,Hc,kS
121100,Hc,YSH㒬
190800,Hc,YS
9900000,R`,R`s
9920000,R`,đs
9970000,R`,߉s
9980000,R`,cs
9960000,R`,Vs
9910000,R`,͍]s
9993100,R`,Rs
9950000,R`,Rs
9930000,R`,s
9940000,R`,Vs
9993700,R`,s
9994200,R`,ԑs
9992200,R`,zs
9900300,R`,RSRӒ
9900400,R`,RSR
9993500,R`,RS͖k
9900700,R`,RS쒬
9901400,R`,RS
9901100,R`,RS]
9994100,R`,kRSΓc
9995400,R`,ŏSR
9996100,R`,ŏSŏ㒬
9994600,R`,ŏSM`
9995300,R`,ŏS^쒬
9960200,R`,ŏS呠
9995200,R`,ŏS쑺
9996400,R`,ŏSˑ
9920300,R`,uS
9990100,R`,uS쐼
9991300,R`,uS
9920800,R`,uS钬
9990600,R`,uSіL
9971300,R`,cSO쒬
9997700,R`,cS
9998300,R`,OCSV
9600000,,s
9650000,,Îᏼs
9630000,,SRs
9700000,,킫s
9610000,,͎s
9620000,,{s
9660000,,쑽s
9760000,,ns
9640000,,{s
9634300,,cs
9750000,,쑊ns
9600600,,ɒBs
9691100,,{{s
9691600,,ɒBSKܒ
9691700,,ɒBS
9601400,,ɒBS얓
9691300,,BSʑ
9690400,,␣SΒ
9620500,,␣SVh
9695300,,ÌS
9670500,,ÌSw}
9680400,,ÌS
9670000,,ÌSÒ
9660400,,떃Sk
9694400,,떃SÒ
9693300,,떃S֒
9693100,,떃Sc㒬
9696500,,͏SÍ≺
9693500,,͏S쑺
9697200,,͏SÒ
9697500,,SO
9680000,,SR
9680100,,Sa
9696200,,SÔ
9610000,,͌S
9690100,,͌S葺
9610100,,͌S
9690200,,͌S
9636100,,SIq
9635100,,SՒ
9635400,,S
9638400,,SL쑺
9637800,,ΐSΐ쒬
9636300,,ΐSʐ쑺
9638100,,ΐSc
9636200,,ΐS쒬
9638300,,ΐSÓa
9637700,,cSOt
9633400,,cS쒬
9790400,,otSL쒬
9790600,,otSt
9791100,,otSx
9791200,,otS
9791300,,otSF
9791400,,otSot
9791500,,otSQ]
9791600,,otS
9792700,,nSVn
9601600,,nSъڑ
3100000,錧,ˎs
3170000,錧,s
3000000,錧,yYs
3060000,錧,É͎s
3150000,錧,Ήs
3070000,錧,s
3010000,錧,Ps
3040000,錧,Ȏs
3030000,錧,푍s
3130000,錧,헤cs
3180000,錧,s
3191500,錧,ks
3091600,錧,}Ԏs
3020000,錧,s
3001200,錧,vs
3050000,錧,Ύs
3120000,錧,ЂȂs
3140000,錧,s
3112400,錧,s
3020100,錧,Js
3192200,錧,헤{s
3110100,錧,߉ώs
3080000,錧,}s
3060600,錧,Ⓦs
3000500,錧,~s
3150000,錧,݂s
3091200,錧,s
3140100,錧,_s
3113800,錧,ss
3111500,錧,gcs
3002300,錧,΂݂炢s
3190100,錧,ʎs
3113100,錧,S钬
3111300,錧,S
3114300,錧,S闢
3191100,錧,߉όSC
3193500,錧,vSq
3000400,錧,~SY
3000300,錧,~S
3001300,錧,~S͓
3003500,錧,S㒬
3060300,錧,S܉
3060400,錧,S
3060433,錧,S
3001600,錧,knS
3210000,Ȗ،,Fs{s
3260000,Ȗ،,s
3280000,Ȗ،,Ȗ؎s
3270000,Ȗ،,s
3220000,Ȗ،,s
3211400,Ȗ،,s
3230000,Ȗ،,Rs
3214300,Ȗ،,^s
3240000,Ȗ،,cs
3292100,Ȗ،,s
3250000,Ȗ،,ߐ{s
3291300,Ȗ،,s
3210600,Ȗ،,ߐ{GRs
3290400,Ȗ،,s
3290600,Ȗ،,͓SO쒬
3214200,Ȗ،,FSvq
3213500,Ȗ،,FSΖؒ
3213400,Ȗ،,FSsL
3213300,Ȗ،,FSF꒬
3210200,Ȗ،,sSp
3290100,Ȗ،,sSؒ
3292200,Ȗ،,JSJ
3291200,Ȗ،,JS
3293200,Ȗ،,ߐ{Sߐ{
3240600,Ȗ،,ߐ{S߉ϐ쒬
3710000,Qn,Os
3700000,Qn,s
3760000,Qn,ːs
3720000,Qn,ɐs
3730000,Qn,cs
3780000,Qn,cs
3740000,Qn,ٗюs
3770000,Qn,as
3750000,Qn,s
3702300,Qn,xs
3790100,Qn,s
3760100,Qn,݂ǂs
3703500,Qn,kQnSY
3703600,Qn,kQnSg
3701600,Qn,S쑺
3701600,Qn,S_
3702600,Qn,ÊySmc
3702800,Qn,ÊySq
3702200,Qn,ÊySÊy
3770400,Qn,ȌSV
3771300,Qn,ȌS쌴
3771500,Qn,ȌSڗ
3771700,Qn,ȌSÒ
3770700,Qn,ȌSR
3770800,Qn,ȌSȒ
3780400,Qn,SЕi
3780100,Qn,Sꑺ
3791200,Qn,Sa
3791300,Qn,S݂Ȃݒ
3701100,Qn,gSʑ
3740100,Qn,WySq
3700700,Qn,WySa
3700500,Qn,WySc
3700500,Qn,WyS
3700600,Qn,WySWy
3310000,ʌ,܎s
3310800,ʌ,܎sk
3300800,ʌ,܎s{
3370000,ʌ,܎s
3300000,ʌ,܎s
3380800,ʌ,܎s
3300000,ʌ,܎sYa
3360000,ʌ,܎s
3360900,ʌ,܎s΋
3390000,ʌ,܎s΋
3501100,ʌ,zs
3600000,ʌ,FJs
3320000,ʌ,s
3610000,ʌ,scs
3680000,ʌ,s
3590000,ʌ,s
3570000,ʌ,є\s
3470000,ʌ,{s
3670000,ʌ,{s
3550000,ʌ,Rs
3440000,ʌ,ts
3501300,ʌ,Rs
3480000,ʌ,Hs
3650000,ʌ,s
3660000,ʌ,[Js
3620000,ʌ,s
3400000,ʌ,s
3430000,ʌ,zJs
3350000,ʌ,ns
3350000,ʌ,˓cs
3580000,ʌ,Ԏs
3510000,ʌ,s
3530000,ʌ,u؎s
3510100,ʌ,as
3520000,ʌ,Vs
3630000,ʌ,s
3460000,ʌ,vs
3640000,ʌ,k{s
3400800,ʌ,s
3540000,ʌ,xms
3410000,ʌ,Os
3490100,ʌ,@cs
3500200,ʌ,ˎs
3400100,ʌ,Ks
3502200,ʌ,߃s
3501200,ʌ,s
3420000,ʌ,gs
3560000,ʌ,ӂݖs
3490200,ʌ,s
3620800,ʌ,kSɓޒ
3540000,ʌ,ԌSOF
3500400,ʌ,ԌSјCR
3500400,ʌ,ԌSz
3550800,ʌ,S쒬
3550200,ʌ,SR
3550300,ʌ,S쒬
3500100,ʌ,S쓇
3550100,ʌ,Sg
3500300,ʌ,SR
3550300,ʌ,SƂ풬
3680000,ʌ,S
3691400,ʌ,SF쒬
3691300,ʌ,SҒ
3680100,ʌ,S쒬
3550300,ʌ,S
3670100,ʌ,ʌS
3670200,ʌ,ʌS_쒬
3690300,ʌ,ʌS㗢
3691200,ʌ,嗢S񋏒
3450000,ʌ,ʌS{㒬
3450000,ʌ,kS˒
3430100,ʌ,kS
2600000,t,ts
2620000,t,tsԌ
2630000,t,tsы
2640000,t,tst
2660000,t,ts΋
2610000,t,tsl
2880000,t,qs
2720000,t,ss
2730000,t,Ds
2940000,t,َRs
2920000,t,؍XÎs
2700000,t,ˎs
2780000,t,cs
2970000,t,Όs
2860000,t,cs
2850000,t,qs
2830000,t,s
2892500,t,s
2750000,t,Kus
2770000,t,s
2995200,t,Ys
2900000,t,ss
2700100,t,Rs
2760000,t,s
2701100,t,䑷qs
2960000,t,s
2730100,t,PJs
2991100,t,NÎs
2930000,t,xÎs
2790000,t,Ys
2840000,t,lXs
2990200,t,PYs
2891100,t,Xs
2701300,t,󐼎s
2701400,t,s
2860200,t,xs
2992400,t,[s
2892100,t,xs
2870000,t,s
2891300,t,Rs
2980000,t,ݎs
2993200,t,Ԕs
2850900,t,׌SX䒬
2701500,t,׌Sh
2890100,t,S_蒬
2892200,t,SÒ
2890600,t,S
2830100,t,RS\㗢
2891600,t,RSŎR
2891700,t,RSŌ
2994300,t,S{
2994400,t,Sr
2994300,t,S
2994200,t,Sq
2970200,t,S
2970100,t,S쒬
2980200,t,΋S命쒬
2995100,t,΋Sh
2992100,t,[S쒬
1000000,s,c
1030000,s,
1050000,s,`
1600000,s,Vh
1120000,s,
1100000,s,䓌
1300000,s,nc
1350000,s,]
1400000,s,i
1520000,s,ڍ
1440000,s,c
1540000,s,cJ
1500000,s,aJ
1640000,s,
1660000,s,
1700000,s,L
1140000,s,k
1160000,s,r
1740000,s,
1760000,s,n
1200000,s,
1240000,s,
1320000,s,]ː
1920000,s,qs
1900000,s,s
1800000,s,s
1810000,s,Os
1980000,s,~s
1830000,s,{s
1960000,s,s
1820000,s,zs
1940000,s,cs
1840000,s,s
1870000,s,s
1910000,s,s
1890000,s,Rs
1850000,s,s
1860000,s,s
1970000,s,s
2010000,s,]s
2070000,s,as
2040000,s,s
2030000,s,vĎs
2080000,s,Rs
2060000,s,s
2060000,s,s
2050000,s,Hs
1900100,s,s
2020000,s,s
1901200,s,S䒬
1900100,s,S̏o
1900200,s,Sw
1980000,s,S
1000100,s,哇
1000301,s,
1000400,s,V
1000601,s,_Ó
1001100,s,OO
1001301,s,䑠
1001400,s,䓇䒬
1001701,s,
1002100,s,}
2300000,_ސ쌧,lsߌ
2210000,_ސ쌧,ls_ސ
2200000,_ސ쌧,ls
2310000,_ސ쌧,ls
2320000,_ސ쌧,ls
2400000,_ސ쌧,lsۓyPJ
2350000,_ސ쌧,lsq
2360000,_ސ쌧,ls
2220000,_ސ쌧,ls`k
2440000,_ސ쌧,ls˒ˋ
2330000,_ސ쌧,ls`
2410000,_ސ쌧,ls
2260000,_ސ쌧,ls΋
2460000,_ސ쌧,lsJ
2470000,_ސ쌧,lsh
2450000,_ސ쌧,ls
2270000,_ސ쌧,lst
2240000,_ސ쌧,lss}
2100000,_ސ쌧,s
2120000,_ސ쌧,sK
2110000,_ސ쌧,s
2130000,_ސ쌧,sË
2140000,_ސ쌧,s
2160000,_ސ쌧,s{O
2150000,_ސ쌧,s
2520100,_ސ쌧,͌s΋
2520200,_ސ쌧,͌s
2520300,_ސ쌧,͌s
2380000,_ސ쌧,{s
2540000,_ސ쌧,ˎs
2480000,_ސ쌧,qs
2510000,_ސ쌧,s
2500000,_ސ쌧,cs
2530000,_ސ쌧,s
2490000,_ސ쌧,qs
2380200,_ސ쌧,OYs
2570000,_ސ쌧,`s
2430000,_ސ쌧,؎s
2420000,_ސ쌧,as
2591100,_ސ쌧,ɐs
2430400,_ސ쌧,CVs
2520000,_ސ쌧,Ԏs
2500100,_ސ쌧,쑫s
2521100,_ސ쌧,s
2400100,_ސ쌧,OYStR
2530100,_ސ쌧,S쒬
2550000,_ސ쌧,S钬
2590100,_ސ쌧,S{
2590100,_ސ쌧,S䒬
2580000,_ސ쌧,S䒬
2580000,_ސ쌧,Sc
2580100,_ސ쌧,SRk
2580000,_ސ쌧,SJ
2500500,_ސ쌧,S
2590200,_ސ쌧,S^ߒ
2590300,_ސ쌧,S͌
2430300,_ސ쌧,bS쒬
2430100,_ސ쌧,bS쑺
9500000,V,Vsk
9500000,V,Vs
9500000,V,Vs
9500000,V,Vs]
9560000,V,VsHt
9501200,V,Vs
9500000,V,Vs
9500000,V,Vs
9400000,V,s
9550000,V,Os
9450000,V,s
9570000,V,Vcs
9470000,V,Js
9591300,V,Ύs
9480000,V,\s
9540000,V,s
9580000,V,s
9591200,V,s
9410000,V,s
9440000,V,s
9591600,V,ܐs
9430000,V,zs
9592000,V,s
9520000,V,ns
9460000,V,s
9496600,V,싛s
9592600,V,ٓs
9570100,V,kSĒ
9590300,V,SF
9591500,V,슗Sc㒬
9594400,V,S꒬
9494300,V,OSo_蒬
9496100,V,싛S
9498200,V,SÓ쒬
9450300,V,HSH
9593200,V,DS֐쑺
9580061,V,DSY
9390000,xR,xRs
9330000,xR,s
9370000,xR,Îs
9350000,xR,Xs
9360000,xR,s
9380000,xR,s
9391300,xR,vgs
9320000,xR,s
9391600,xR,vs
9390300,xR,ːs
9300200,xR,VSM
9300300,xR,VSs
9300200,xR,VSR
9390600,xR,VSP
9390700,xR,VS
9200000,ΐ쌧,s
9260000,ΐ쌧,s
9230000,ΐ쌧,s
9280000,ΐ쌧,֓s
9271200,ΐ쌧,Fs
9220000,ΐ쌧,s
9250000,ΐ쌧,Hs
9291100,ΐ쌧,قs
9240000,ΐ쌧,Rs
9231100,ΐ쌧,\s
9210000,ΐ쌧,Xss
9231200,ΐ쌧,\Sk
9290300,ΐ쌧,͖kSÔ
9200200,ΐ쌧,͖kS咬
9250100,ΐ쌧,HSu꒬
9291300,ΐ쌧,HSBu
9291700,ΐ쌧,S\o
9270000,ΐ쌧,PS
9270400,ΐ쌧,PS\o
9180000,䌧,s
9140000,䌧,։s
9170000,䌧,ls
9120000,䌧,s
9110000,䌧,Rs
9160000,䌧,I]s
9190600,䌧,s
9150000,䌧,zOs
9100200,䌧,s
9101100,䌧,gcSi
9102500,䌧,Src
9190200,䌧,SzO
9160200,䌧,OSzO
9191100,䌧,OSl
9192200,䌧,ьSl
9192100,䌧,ьS
9191300,䌧,O㒆Sዷ
4000000,R,b{s
4030000,R,xmgcs
4020000,R,ss
4050000,R,Rs
4010000,R,匎s
4070000,R,Bs
4000400,R,AvXs
4080000,R,kms
4000100,R,bs
4060000,R,Js
4090100,R,쌴s
4040000,R,bBs
4093800,R,s
4093600,R,SsO
4092700,R,싐S쒬
4092500,R,싐Sg
4092100,R,싐S암
4000500,R,싐Sxm쒬
4093800,R,Sa
4020200,R,sSu
4030000,R,sSj
4010500,R,sSE쑺
4010500,R,sSRΑ
4010320,R,sS
4010300,R,sSxm͌Β
4090200,R,ksS
4090300,R,ksSOgR
3810000,쌧,s
3990000,쌧,{s
3860000,쌧,cs
3940000,쌧,Js
3940091,쌧,Js
3950000,쌧,ѓcs
3920000,쌧,zKs
3820000,쌧,{s
3840000,쌧,s
3960000,쌧,ɓߎs
3994100,쌧,s
3830000,쌧,s
3980000,쌧,咬s
3892200,쌧,юRs
3910000,쌧,s
3990700,쌧,Ks
3850000,쌧,vs
3870000,쌧,Ȏs
3890500,쌧,s
3998200,쌧,ܖs
3841100,쌧,썲vSC
3841400,쌧,썲vS㑺
3841300,쌧,썲vSq
3841211,쌧,썲vS쑊ؑ
3841201,쌧,썲vSkؑ
3840600,쌧,썲vSv䒬
3890100,쌧,kvSy
3890200,쌧,kvSc
3842300,쌧,kvSȒ
3861600,쌧,Sؑ
3860600,쌧,Sa
3930000,쌧,zKSzK
3990200,쌧,zKSxm
3910100,쌧,zKS
3990400,쌧,ɓߌSC쒬
3994600,쌧,ɓߌS֒
3993700,쌧,ɓߌSѓ
3994511,쌧,ɓߌS얥֑
3993800,쌧,ɓߌS쑺
3994301,쌧,ɓߌS{c
3993300,쌧,ɓߌS쒬
3993100,쌧,ɓߌSX
3991500,쌧,ɓߌS쒬
3950300,쌧,ɓߌSq
3950601,쌧,ɓߌSJ
3950701,쌧,ɓߌSH
3992100,쌧,ɓߌS
3991601,쌧,ɓߌSؑ
3991200,쌧,ɓߌSV
3991801,쌧,ɓߌSו
3951100,쌧,ɓߌSؑ
3993200,쌧,ɓߌSLu
3993500,쌧,ɓߌS厭
3995600,쌧,ؑ]S㏼
3995300,쌧,ؑ]Sؑ]
3996200,쌧,ؑ]Sؑc
3970201,쌧,ؑ]Sꑺ
3995500,쌧,ؑ]SK
3970000,쌧,ؑ]Sؑ]
3997700,쌧,}Sё
3997200,쌧,}S⑺
3997201,쌧,}S⑺
3901301,쌧,}SR`
3901100,쌧,}S
3997500,쌧,}S}k
3998600,쌧,k܌Src
3998501,쌧,k܌S쑺
3999300,쌧,k܌Sn
3999400,쌧,k܌SJ
3890600,쌧,ȌS钬
3810200,쌧,㍂Sz{
3820800,쌧,㍂SR
3810400,쌧,SRm
3892300,쌧,Sؓ
3892500,쌧,S򉷐
3891300,쌧,㐅SMZ
3813300,쌧,㐅S쑺
3891200,쌧,㐅Sэj
3892700,쌧,Sh
5000000,򕌌,򕌎s
5030000,򕌌,_s
5060000,򕌌,Rs
5070000,򕌌,s
5013200,򕌌,֎s
5080000,򕌌,Ðs
5013700,򕌌,Zs
5013701,򕌌,Zs
5096100,򕌌,Qs
5016200,򕌌,Hs
5097200,򕌌,bߎs
5050000,򕌌,ZΎs
5095100,򕌌,ys
5040000,򕌌,es
5090200,򕌌,s
5012100,򕌌,Rs
5010200,򕌌,s
5061100,򕌌,ˎs
5010400,򕌌,{s
5014200,򕌌,Ss
5092200,򕌌,Cs
5030600,򕌌,CÎs
5016100,򕌌,HS쒬
5016100,򕌌,HS}
5031300,򕌌,{VS{V
5032100,򕌌,sjS䒬
5032121,򕌌,sjS䒬
5031500,򕌌,sjSփP
5032300,򕌌,S_˒
5030200,򕌌,S֔V
5030100,򕌌,S
5010600,򕌌,KSK쒬
5010500,򕌌,KS쒬
5032400,򕌌,KSrc
5010400,򕌌,{Sk
5050000,򕌌,ΌSj
5013300,򕌌,ΌSx
5090300,򕌌,ΌSӒ
5090400,򕌌,ΌS@
5050300,򕌌,ΌSSÒ
5091100,򕌌,ΌS쒬
5091300,򕌌,ΌS쑺
5050100,򕌌,S䐓
5015600,򕌌,S쑺
4220000,É,És
4220000,É,Ésx͋
4220000,É,És
4320000,É,ls
4320000,É,ls
4320000,É,ls
4320000,É,ls
4320000,É,lsk
4340000,É,lslk
4320000,É,lsV
4100000,É,Îs
4130000,É,MCs
4110000,É,Os
4180000,É,xm{s
4140000,É,ɓs
4270000,É,cs
4170000,É,xms
4380000,É,֓cs
4250000,É,ĒÎs
4360000,É,|s
4260000,É,}s
4120000,É,as
4370000,É,܈s
4150000,É,cs
4150001,É,cs
4101100,É,s
4310400,É,ΐs
4102400,É,ɓs
4371600,É,Os
4390000,É,es
4102200,É,ɓ̍s
4210500,É,qVs
4130300,É,ΌSɓ
4130500,É,ΌS͒Ò
4150300,É,ΌSɓ
4103600,É,ΌS蒬
4103500,É,ΌSɓ
4190100,É,cS쒬
4110000,É,xS
4110000,É,xS
4101300,É,xSR
4210300,É,YSgc
4280300,É,YS썪{
4370200,É,qSX
4640000,m,És
4610000,m,És
4620000,m,Ésk
4510000,m,És
4530000,m,És
4600000,m,És
4660000,m,Ésa
4670000,m,És
4560000,m,ÉsMc
4540000,m,És
4550000,m,És`
4570000,m,És
4630000,m,ÉsR
4580000,m,És΋
4650000,m,És
4680000,m,ÉsV
4410000,m,Ls
4440000,m,s
4910000,m,{s
4890000,m,ˎs
4750000,m,cs
4860000,m,ts
4420000,m,Ls
4960000,m,Ós
4470000,m,ɓs
4480000,m,Js
4710000,m,Lcs
4460000,m,s
4450000,m,s
4430000,m,Ss
4840000,m,Rs
4790000,m,튊s
4830000,m,]s
4850000,m,qs
4920000,m,s
4411300,m,Vs
4760000,m,Cs
4740000,m,{s
4780000,m,ms
4720000,m,ms
4880000,m,s
4441300,m,ls
4820000,m,qs
4701100,m,Ls
4700100,m,is
4413400,m,cs
4960000,m,s
4520000,m,{s
4810000,m,kÉs
4980000,m,xs
4700200,m,݂悵s
4901200,m,܎s
4801100,m,vs
4700100,m,mS
4800200,m,tSLR
4800100,m,OHS
4800100,m,OHS}K
4901100,m,CS厡
4970000,m,CSI]
4901400,m,CS򓇑
4702200,m,mSv䒬
4702100,m,mSY
4703300,m,mSm
4703200,m,mSl
4702300,m,mSL
4440100,m,zcSKc
4412300,m,k݊yS݊y
4490200,m,k݊ySh
4490400,m,k݊ySL
5140000,Od,Îs
5100000,Od,lss
5160000,Od,ɐs
5150000,Od,s
5110000,Od,Ks
5130000,Od,鎭s
5180400,Od,s
5193600,Od,hs
5190100,Od,TRs
5170000,Od,Hs
5194300,Od,Fs
5110200,Od,Ȃ׎s
5170500,Od,us
5180000,Od,ɉs
4980000,Od,KSؑ]
5110200,Od,ٌS
5101200,Od,OdSԖ쒬
5100000,Od,OdS
5100000,Od,OdSz
5192100,Od,CSC
5150300,Od,CSa
5192400,Od,CS䒬
5190400,Od,xSʏ钬
5162100,Od,xSx
5192700,Od,xSI
5160100,Od,xSɐ
5193400,Od,kKSIk
5195200,Od,어KSl
5195700,Od,어KSI
5200000,ꌧ,Îs
5220000,ꌧ,Fs
5260000,ꌧ,ls
5230000,ꌧ,ߍ]s
5250000,ꌧ,Îs
5240000,ꌧ,Rs
5203000,ꌧ,Is
5280000,ꌧ,bs
5202300,ꌧ,Fs
5203200,ꌧ,Γs
5201100,ꌧ,s
5270000,ꌧ,ߍ]s
5210000,ꌧ,Čs
5291600,ꌧ,S쒬
5202500,ꌧ,S
5291300,ꌧ,mS
5291100,ꌧ,SL
5220200,ꌧ,Sbǒ
5220300,ꌧ,S꒬
6030000,s{,ssk
6020000,s{,ss㋞
6060000,s{,ss
6040000,s{,ss
6050000,s{,ssR
6000000,s{,ss
6010000,s{,ss
6160000,s{,ssE
6120000,s{,ss
6070000,s{,ssRȋ
6100000,s{,ss
6200000,s{,mRs
6250000,s{,ߎs
6230000,s{,s
6110000,s{,Fs
6260000,s{,{Îs
6210000,s{,Ts
6100100,s{,zs
6170000,s{,s
6170000,s{,s
6140000,s{,s
6100300,s{,cӎs
6270000,s{,Os
6220000,s{,Os
6190200,s{,ؒÐs
6180000,s{,PSR蒬
6130000,s{,vSvR
6100300,s{,ԊS蒬
6100200,s{,ԊSFc
6191300,s{,yS}u
6191200,s{,ySa
6190200,s{,ySؒ
6191400,s{,ySR鑺
6220200,s{,DSOg
6260400,s{,^ӌSɍ
6292200,s{,^ӌS^Ӗ쒬
5340000,{,ss
5530000,{,s
5540000,{,sԋ
5500000,{,s
5520000,{,s`
5510000,{,s吳
5430000,{,sV
5560000,{,sQ
5550000,{,s
5330000,{,s
5370000,{,s
5440000,{,s
5350000,{,s
5360000,{,s铌
5450000,{,s{
5580000,{,sZg
5460000,{,sZg
5570000,{,s
5320000,{,s
5380000,{,sߌ
5590000,{,sZV]
5470000,{,s
5300000,{,sk
5390000,{,s
5900000,{,s
5990000,{,s
5990000,{,s
5930000,{,s
5900100,{,s
5910000,{,sk
5870000,{,s
5960000,{,ݘacs
5600000,{,Ls
5630000,{,rcs
5640000,{,cs
5950000,{,Îs
5690000,{,Ύs
5970000,{,Lˎs
5700000,{,s
5730000,{,s
5670000,{,؎s
5810000,{,s
5980000,{,򍲖s
5840000,{,xcюs
5720000,{,Qs
5860000,{,͓s
5800000,{,s
5740000,{,哌s
5940000,{,as
5620000,{,ʎs
5820000,{,s
5830000,{,Hgs
5710000,{,^s
5660000,{,ےÎs
5920000,{,Ύs
5830000,{,䎛s
5770000,{,s
5900500,{,s
5750000,{,ls
5760000,{,s
5890000,{,㋷Rs
5990200,{,s
6180000,{,OS{
5630100,{,L\SL\
5630300,{,L\S\
5950000,{,kS
5900400,{,SF撬
5980000,{,ScK
5990300,{,S
5830000,{,͓Sq
5850000,{,͓S͓쒬
5850000,{,͓S瑁ԍ㑺
6580000,Ɍ,_ˎs
6570000,Ɍ,_ˎs
6520000,Ɍ,_ˎsɋ
6530000,Ɍ,_ˎsc
6540000,Ɍ,_ˎs{
6550000,Ɍ,_ˎs
6511100,Ɍ,_ˎsk
6500000,Ɍ,_ˎs
6500000,Ɍ,_ˎs
6700000,Ɍ,PHs
6600000,Ɍ,s
6730000,Ɍ,Ύs
6620000,Ɍ,{s
6560000,Ɍ,F{s
6590000,Ɍ,s
6640000,Ɍ,ɒOs
6780000,Ɍ,s
6680000,Ɍ,Ls
6750000,Ɍ,Ðs
6780200,Ɍ,ԕs
6770000,Ɍ,es
6650000,Ɍ,ˎs
6730400,Ɍ,O؎s
6760000,Ɍ,s
6660000,Ɍ,쐼s
6751300,Ɍ,s
6691300,Ɍ,Ocs
6691536,Ɍ,Ocs
6750000,Ɍ,s
6692300,Ɍ,Rs
6670000,Ɍ,{s
6693300,Ɍ,Ogs
6560400,Ɍ,삠킶s
6695200,Ɍ,s
6562100,Ɍ,WHs
6712500,Ɍ,s
6731400,Ɍ,s
6794100,Ɍ,̎s
6660200,Ɍ,ӌS쒬
6791100,Ɍ,S
6751100,Ɍ,ÌS
6750100,Ɍ,ÌSd
6792300,Ɍ,_Ss쒬
6792200,Ɍ,_S蒬
6793100,Ɍ,_S_͒
6711500,Ɍ,KیSq
6781200,Ɍ,ԕSS
6795300,Ɍ,pSp
6696500,Ɍ,S
6696700,Ɍ,SV
6300000,ޗǌ,ޗǎs
6350000,ޗǌ,acs
6391100,ޗǌ,aSRs
6320000,ޗǌ,Vs
6340000,ޗǌ,s
6330000,ޗǌ,s
6370000,ޗǌ,ܞs
6392200,ޗǌ,䏊s
6300200,ޗǌ,s
6390200,ޗǌ,Ŏs
6392100,ޗǌ,s
6330200,ޗǌ,FɎs
6300000,ޗǌ,RӌSRY
6360000,ޗǌ,SQ
6360000,ޗǌ,SO
6360100,ޗǌ,S
6391100,ޗǌ,Sg
6360300,ޗǌ,S쐼
6360300,ޗǌ,SO
6360300,ޗǌ,Sc{
6331200,ޗǌ,FɌS]
6331300,ޗǌ,FɌS
6350100,ޗǌ,sS撬
6340100,ޗǌ,sS
6390200,ޗǌ,kSq
6360000,ޗǌ,kS
6350000,ޗǌ,kSL˒
6360000,ޗǌ,kS͍
6393100,ޗǌ,gSg쒬
6380000,ޗǌ,gS嗄
6380000,ޗǌ,gSs
6380200,ޗǌ,gSꑺ
6380300,ޗǌ,gSV쑺
6480300,ޗǌ,gS씗쑺
6371500,ޗǌ,gS\Ð쑺
6393800,ޗǌ,gSkR
6393700,ޗǌ,gSkR
6393500,ޗǌ,gS㑺
6332400,ޗǌ,gSg쑺
6400000,a̎R,a̎Rs
6420000,a̎R,Cs
6480000,a̎R,{s
6490300,a̎R,Lcs
6440000,a̎R,Vs
6460000,a̎R,cӎs
6470000,a̎R,V{s
6496400,a̎R,I̐s
6496200,a̎R,os
6401100,a̎R,CSI쒬
6497100,a̎R,ɓsS炬
6480100,a̎R,ɓsSxR
6480200,a̎R,ɓsS쒬
6430000,a̎R,LcS
6430000,a̎R,LcSL쒬
6430000,a̎R,LcSLc쒬
6440000,a̎R,Sl
6491200,a̎R,S
6491100,a̎R,SRǒ
6491500,a̎R,S쒬
6450000,a̎R,S݂Ȃג
6491300,a̎R,S쒬
6492200,a̎R,KSl
6492211,a̎R,KSl
6492100,a̎R,KSxc
6492600,a̎R,KSݒ
6495300,a̎R,KSߒqY
6495100,a̎R,KSn
6494100,a̎R,KSÍ쒬
6471600,a̎R,KSkR
6493500,a̎R,KS{
6800000,挧,s
6830000,挧,Ďqs
6820000,挧,qgs
6840000,挧,`s
6810000,挧,S
6800700,挧,S
6891400,挧,Sq
6800400,挧,S
6820100,挧,SO
6820700,挧,Sl
6892300,挧,SՉY
6892200,挧,Skh
6893500,挧,SgÑ
6893200,挧,SR
6830300,挧,S암
6894100,挧,S˒
6895200,挧,S쒬
6894500,挧,S쒬
6894400,挧,S]{
6900000,,]s
6970000,,lcs
6930000,,o_s
6980000,,vcs
6940000,,cs
6920000,,s
6950000,,]Îs
6902400,,_s
6991500,,mSo_
6903200,,ѐΌSѓ쒬
6960000,,WqS{
6994600,,WqS
6960100,,WqSW쒬
6995600,,SØa쒬
6995500,,Sg꒬
6840400,,BSCm
6840300,,BSm
6840100,,BSmv
6850000,,BSB̓
7000000,R,Rsk
7000000,R,Rs
7000000,R,Rs
7000000,R,Rs
7100000,R,q~s
7080000,R,ÎRs
7060000,R,ʖs
7140000,R,}s
7150000,R,䌴s
7191100,R,Ўs
7160000,R,s
7180000,R,Vs
7050000,R,Os
7014200,R,˓s
7090800,R,Ԕ֎s
7193100,R,^s
7070000,R,s
7190200,R,s
7090400,R,aCSaC
7010300,R,sES
7190300,R,S
7141200,R,cS|
7170201,R,^SV
7080300,R,ϓcS쒬
7094300,R,cS
7081300,R,cSދ`
7070500,R,pcSq
7093600,R,vČSvē쒬
7093700,R,vČS璬
7161100,R,Sg
7300000,L,Ls
7320000,L,Ls
7340000,L,Ls
7330000,L,Ls
7310100,L,Ls
7391700,L,Lsk
7360000,L,Ls|
7315100,L,Ls
7370000,L,s
7250000,L,|s
7230000,L,Os
7220000,L,s
7210000,L,Rs
7260000,L,{s
7280000,L,Os
7270000,L,s
7390600,L,|s
7390000,L,Ls
7380000,L,ss
7310500,L,|cs
7372100,L,]cs
7350000,L,|S{
7360000,L,|SCc
7314200,L,|SF쒬
7314300,L,|S⒬
7314301,L,|S⒬
7313500,L,RS|c
7311500,L,RSkL
7250200,L,LcS㓇
7221100,L,S
7201800,L,_ΌS_΍
7500000,R,֎s
7550000,R,Fs
7530000,R,Rs
7580000,R,s
7470000,R,h{s
7440000,R,s
7400000,R,⍑s
7430000,R,s
7594100,R,s
7420000,R,s
7592200,R,Is
7450000,R,s
7560000,R,Rzcs
7422100,R,哇Sh哇
7400000,R,όSaؒ
7421400,R,FьS֒
7421500,R,FьScz{
7421100,R,FьS
7593600,R,S
7700000,,s
7720000,,s
7730000,,s
7740000,,s
7760000,,gs
7711700,,gs
7793600,,ns
7780000,,ODs
7714300,,YSY
7714500,,YS㏟
7714100,,S߉͓
7793200,,SΈ䒬
7713200,,S_R
7715200,,߉S߉꒬
7750000,,CS
7792300,,CSg
7750200,,CSCz
7710200,,SΒ
7710200,,Sk
7711200,,SZ
7790100,,S쒬
7711300,,S
7794100,,nS邬
7794700,,ODS݂悵
7600000,쌧,s
7630000,쌧,ۋTs
7620000,쌧,os
7650000,쌧,Pʎs
7680000,쌧,ωs
7692300,쌧,ʂs
7692700,쌧,s
7670000,쌧,OLs
7614100,쌧,Sy
7614300,쌧,S
7610700,쌧,ؓcSOؒ
7613110,쌧,S
7690200,쌧,̌SFÒ
7690210,쌧,̌SFÒ
7612300,쌧,̌S쒬
7660000,쌧,xSՕ
7640000,쌧,xSxÒ
7660000,쌧,xS܂̂
7910000,Q,Rs
7940000,Q,s
7980000,Q,Fas
7960000,Q,ls
7960088,Q,ls
7920000,Q,Vls
7930000,Q,s
7950000,Q,Fs
7993100,Q,ɗ\s
7990400,Q,ls
7970000,Q,\s
7910200,Q,s
7942500,Q,zqS㓇
7911200,Q,㕂Sv
7913100,Q,ɗ\SO
7912100,Q,ɗ\Su
7913300,Q,쑽Sq
7960300,Q,FaSɕ
7982100,Q,kFaS쒬
7981300,Q,kFaSSk
7984100,Q,FaS쒬
7800000,m,ms
7817100,m,ˎs
7840000,m,|s
7830000,m,썑s
7811100,m,ys
7850000,m,{s
7880000,m,hюs
7870300,m,ys
7870000,m,l\s
7815200,m,s
7820000,m,s
7817300,m,|Sm
7816400,m,|Sޔ
7816410,m,|Sc쒬
7816400,m,|Sc
7816400,m,|Sk쑺
7816200,m,|SnH
7815700,m,|S|
7813600,m,S{R
7890300,m,SL
7813400,m,ySy
7813700,m,yS쑺
7812100,m,S̒
7812110,m,S̒
7811500,m,Sm쒬
7891300,m,Sy
7891200,m,S쒬
7811300,m,Szm
7850600,m,S
7812100,m,S
7850200,m,SÖ쒬
7860000,m,Sl\
7880300,m,S匎
7870800,m,SO
7891900,m,S
8000000,,kBsi
8080000,,kBsᏼ
8040000,,kBs˔
8020000,,kBsqk
8020000,,kBsq
8050000,,kBs
8060000,,kBs
8130000,,s
8120000,,s
8100000,,s
8150000,,s
8190000,,s
8140100,,s
8140000,,sǋ
8360000,,喴cs
8390000,,vĎs
8220000,,s
8200000,,ђˎs
8250000,,cs
8320000,,s
8340000,,s
8330000,,}s
8310000,,s
8240000,,ss
8280000,,LOs
8090000,,Ԏs
8380100,,Ss
8180000,,}s
8160000,,ts
8160000,,s
8113400,,@s
8180100,,ɕ{s
8113100,,És
8113200,,Îs
8113213,,Îs
8391400,,͎s
8230000,,{s
8200200,,Ös
8380000,,qs
8350000,,݂܎s
8191100,,s
8111200,,}S߉ϐ쒬
8112100,,SF
8112400,,SI
8112200,,Suƒ
8112100,,S{
8110100,,SV{
8112500,,SvR
8112300,,S
8070100,,S
8070000,,S
8114200,,S_
8114300,,S꒬
8201100,,ƎS|
8071300,,ƎSƎ蒬
8200600,,ÕSj쒬
8380000,,qS}O
8381700,,qS
8301200,,OS品
8300400,,OkSؒ
8340100,,SL쒬
8221400,,cSt
8240600,,cSYc
8221300,,cSc
8270000,,cS蒬
8240500,,cSC
8240400,,cSԑ
8221200,,cSq
8000300,,sSc
8240800,,sS݂₱
8710000,,zSgx
8710900,,zSђ
8290100,,zSz㒬
8490000,ꌧ,s
8470000,ꌧ,Îs
8410000,ꌧ,s
8460000,ꌧ,vs
8480000,ꌧ,ɖs
8430000,ꌧ,Ys
8491300,ꌧ,s
8450000,ꌧ,s
8430300,ꌧ,s
8420000,ꌧ,_s
8420000,ꌧ,_Sg샖
8410200,ꌧ,O{SR
8490100,ꌧ,O{S
8490100,ꌧ,O{S݂₫
8471400,ꌧ,YSC
8440000,ꌧ,YSLc
8492100,ꌧ,nS咬
8490500,ꌧ,nS]k
8491100,ꌧ,nSΒ
8491600,ꌧ,ÌSǒ
8500000,茧,s
8570000,茧,ێs
8550000,茧,s
8550038,茧,s
8540000,茧,|s
8560000,茧,呺s
8595100,茧,ˎs
8594500,茧,Ys
8170000,茧,Δns
8115100,茧,s
8530000,茧,ܓs
8513500,茧,Cs
8572427,茧,Cs
8540500,茧,_s
8592600,茧,쓇s
8512100,茧,ދnS^
8512100,茧,ދnSÒ
8593800,茧,ދnSދn
8593600,茧,ދnSI
8593700,茧,ދnSg
8574700,茧,kYSl꒬
8570300,茧,kYSX
8574400,茧,쏼YSVܓ
8610000,F{,F{s
8610000,F{,F{s
8610000,F{,F{s
8610000,F{,F{s
8610000,F{,F{sk
8660000,F{,s
8680000,F{,lgs
8640000,F{,rs
8670000,F{,s
8650000,F{,ʖs
8610500,F{,Rs
8611300,F{,ers
8690400,F{,Fys
8693600,F{,Vs
8690500,F{,Fs
8692600,F{,hs
8630000,F{,Vs
8611100,F{,us
8614700,F{,vS
8690300,F{,ʖSʓ
8610800,F{,ʖS֒
8690100,F{,ʖSF
8650100,F{,ʖSa
8691200,F{,erSÒ
8691100,F{,erSez
8692400,F{,hS쏬
8692500,F{,hS
8692700,F{,hSYR
8691600,F{,hSX
8612400,F{,hS
8691400,F{,hS숢h
8613200,F{,vSD
8613100,F{,vSÓ
8612200,F{,vSv钬
8614600,F{,vSb
8613500,F{,vSRs
8694600,F{,SX쒬
8695400,F{,kSk
8695600,F{,kSÓޖؒ
8680300,F{,Sђ
8680500,F{,Sǖؒ
8680600,F{,SO
8680700,F{,S㑺
8680000,F{,SǑ
8680200,F{,Sܖؑ
8680000,F{,SR]
8696400,F{,S
8680400,F{,S蒬
8632500,F{,VSk
8700100,啪,啪s
8740000,啪,ʕ{s
8710000,啪,Îs
8710099,啪,Îs
8770000,啪,cs
8760000,啪,s
8750000,啪,Pns
8792400,啪,Ëvs
8780000,啪,|cs
8790600,啪,L㍂cs
8730000,啪,nzs
8720000,啪,Fs
8797100,啪,Ls
8795400,啪,Rzs
8730500,啪,s
8721501,啪,SP
8791500,啪,So
8791506,啪,So
8794800,啪,Sd
8794400,啪,S쒬
8800000,{茧,{s
8850000,{茧,ss
8820000,{茧,s
8870000,{茧,s
8860000,{茧,юs
8830000,{茧,s
8880000,{茧,Ԏs
8810000,{茧,ss
8894300,{茧,т̎s
8891900,{茧,kSOҒ
8894400,{茧,S
8801100,{茧,Sx
8801300,{茧,S
8840000,{茧,S璬
8891400,{茧,SVx
8811400,{茧,SėǑ
8840100,{茧,S؏钬
8891300,{茧,S쒬
8891200,{茧,Ss_
8890600,{茧,PnS쒬
8831300,{茧,PnSˑ
8831600,{茧,PnSŗt
8831100,{茧,PnS
8821100,{茧,PnS䒬
8820400,{茧,PnSVe
8821200,{茧,PnS܃
8900000,,s
8930000,,s
8980000,,s
8991600,,vs
8990200,,os
8910400,,whs
8913100,,V\s
8912100,,s
8950000,,Fs
8992500,,us
8998600,,]s
8994300,,s
8960000,,ؖs
8970000,,삳܎s
8997100,,uzus
8940000,,s
8970200,,Bs
8952500,,ɍs
8995400,,ǎs
8900000,,SO
8915200,,S\
8951800,,FSܒ
8991400,,oS
8996200,,ǌSN
8997300,,]S蒬
8931600,,̑Sǒ
8932300,,̑Sэ]
8932500,,̑S
8931200,,̑S̕t
8913600,,FьSq
8913700,,FьSq
8914200,,FьSv
8943100,,哇Sa
8943300,,哇SF
8941500,,哇S˓
8940100,,哇S
8916200,,哇SE
8917100,,哇SV
8917600,,哇SV钬
8918300,,哇Sɐ咬
8919100,,哇Sa
8919200,,哇Sm
8919300,,哇S^_
9000000,ꌧ,ߔes
9012200,ꌧ,Xps
9070000,ꌧ,Ί_s
9012100,ꌧ,YYs
9050000,ꌧ,s
9010300,ꌧ,s
9040000,ꌧ,s
9010200,ꌧ,Ls
9042200,ꌧ,܎s
9060000,ꌧ,{Ós
9011400,ꌧ,s
9051400,ꌧ,S
9051300,ꌧ,SX
9051200,ꌧ,S
9050400,ꌧ,SAm
9050200,ꌧ,S{
9040400,ꌧ,S[
9041300,ꌧ,SX
9041200,ꌧ,S
9050500,ꌧ,Sɍ]
9040300,ꌧ,SǒJ
9040200,ꌧ,SÎ[
9040100,ꌧ,SkJ
9012300,ꌧ,Sk鑺
9012400,ꌧ,S鑺
9030100,ꌧ,S
9011300,ꌧ,KS^ߌ
9011100,ꌧ,KS앗
9013500,ꌧ,KSnÕ~
9013400,ꌧ,KSԖ
9013700,ꌧ,KS
9013601,ꌧ,KSn쑺
9013800,ꌧ,KS哌
9013900,ꌧ,KSk哌
9050700,ꌧ,KSɕ
9050600,ꌧ,KSɐ
9013100,ꌧ,KSvē
9010400,ꌧ,KSd
9060600,ꌧ,{ÌSǊԑ
9070000,ꌧ,dRS|x
9071800,ꌧ,dRS^ߍ
